title,url,date_time,venue
Architecture in Three Dimensions,https://www.blogto.com/events/architecture-in-three-dimensions-toronto/,11:00 AM – 5:00 PM,Todmorden Mills Heritage Site
Union Summer presented by TD - Best of Union Beats: DJ Sarabi,https://www.blogto.com/events/union-summer-presented-by-td-best-of-union-beats-dj-sarabi-toronto/,11:30 AM – 3:30 PM,Union Station
FREEUP! Emancipation Day 2025,https://www.blogto.com/events/freeup-emancipation-day-2025-toronto/,12:00 PM – 4:00 PM,The Distillery District
"DUCK'N WORK CARIBANA DAY PARTY EVENT Friday, August 1st @ 4PM-9PM",https://www.blogto.com/events/duckn-work-caribana-day-party-event-friday-august-1st-4pm-9pm-toronto/,4:00 PM – 9:00 PM,Mascot Brewery and Restaurant
Miss Likklemore's Chef Collab Dinner Series,https://www.blogto.com/events/miss-likklemores-chef-collab-dinner-series-toronto-3/,5:00 PM – 11:00 PM,Miss Likklemore's
Toronto Food Truck Festival,https://www.blogto.com/events/toronto-food-truck-festival-toronto-2025/,5:00 PM – 8:00 PM,Woodbine Park
Friday Evening Swing Dance and Jazz Manouche with Nat Beja at DROM Taberna,https://www.blogto.com/events/friday-evening-swing-dance-and-jazz-manouche-with-nat-beja-at-drom-taberna-toronto/,5:30 PM – 7:30 PM,Drom Taberna
Comedy on the River - A Unique Paddle-in Comedy Show!,https://www.blogto.com/events/comedy-on-the-river-a-unique-paddle-in-comedy-show-toronto-3/,6:00 PM – 8:00 PM,"Down the ""Discovery Walks"" Road"
Too Much Fashion - An Ode to Black Creative Resilience,https://www.blogto.com/events/too-much-fashion-an-ode-to-black-creative-resilience-toronto/,6:00 PM – 8:00 PM,United Contemporary
The Art of the Butcher and the Chef,https://www.blogto.com/events/the-art-of-the-butcher-and-the-chef-toronto/,6:00 PM – 10:00 PM,Rily Kitchen
Union Summer presented by TD - Soul Fridays: Bana Onmarz,https://www.blogto.com/events/union-summer-presented-by-td-soul-fridays-bana-onmarz-toronto/,6:00 PM – 9:00 PM,Union Station
Free First Friday Night Performance: Stephanie Chua and Allison Cameron,https://www.blogto.com/events/free-first-friday-night-performance-stephanie-chua-and-allison-cameron-toronto/,6:30 PM – 8:00 PM,MOCA Toronto
Zoukotop Caribana Edition at Mossops Social House,https://www.blogto.com/events/zoukotop-caribana-edition-at-mossops-social-house-toronto/,6:30 PM – 11:30 PM,Mossop's Social House
A Bear and Canvas Paint Pouring Workshop,https://www.blogto.com/events/a-bear-and-canvas-paint-pouring-workshop-toronto/,6:30 PM – 8:00 PM,Artbox
Duel Citizens,https://www.blogto.com/events/duel-citizens-toronto-5/,7:00 PM – 8:30 PM,Second City
Theatre In St James Presents: The Tragedie of Romeo & Juliet,https://www.blogto.com/events/theatre-in-st-james-presents-the-tragedie-of-romeo-juliet-toronto/,7:00 PM – 8:00 PM,St James Park
Toronto Panorama - Keeping Pan Alive,https://www.blogto.com/events/toronto-panorama-keeping-pan-alive-toronto/,7:00 PM – 11:00 PM,Lamport Stadium
Josh Gondelman LIVE in Toronto!,https://www.blogto.com/events/josh-gondelman-live-in-toronto-toronto/,7:00 PM – 8:15 PM,Comedy Bar East
Toronto Blue Jays City Connect Fridays,https://www.blogto.com/events/toronto-blue-jays-city-connect-fridays-postgame-fireworks-toronto/,7:00 PM – 10:00 PM,Rogers Centre
Summer Indie Party,https://www.blogto.com/events/summer-indie-party-toronto/,7:00 PM – 11:59 PM,The Pilot
Cringey 2010's Music Trivia & Dance Party,https://www.blogto.com/events/cringey-2010s-music-trivia-dance-party-toronto/,7:00 PM – 12:30 AM,The Rec Room
Premium Desi Comedy Show !,https://www.blogto.com/events/premium-desi-comedy-show-toronto/,7:00 PM – 9:00 PM,Desi Food Junction
KARAOKE at Steadfast Brewing!,https://www.blogto.com/events/karaoke-at-steadfast-brewing-toronto-7/,7:00 PM – 11:00 PM,Steadfast Brewing
The Way of The World Listening Party with Kris Live at The Painted Lady,https://www.blogto.com/events/the-way-of-the-world-listening-party-with-kris-live-at-the-painted-lady-toronto/,7:00 PM – 9:00 PM,The Painted Lady
Paint and SIP: A Midsummer's Night Dream,https://www.blogto.com/events/paint-and-sip-a-midsummers-night-dream-toronto/,7:00 PM – 10:00 PM,My Inner Child Paint Bar
MLB: Toronto Blue Jays vs. Kansas City Royals,https://www.blogto.com/events/mlb-toronto-blue-jays-vs-kansas-city-royals-toronto/,7:07 PM – 9:30 PM,Rogers Centre
"The Chapel Choir of Pembroke College, Cambridge with Anna Lapwood",https://www.blogto.com/events/the-chapel-choir-of-pembroke-college-cambridge-with-anna-lapwood-toronto/,7:30 PM – 9:00 PM,Church of St. Mary Magdalene
TESTING: ATTENTION PLEASE! Toronto's Friendliest Comedy Competition,https://www.blogto.com/events/testing-attention-please-torontos-friendliest-comedy-competition-toronto-16/,7:30 PM – 10:00 PM,The Epochal Imp
A Stand Up Comedy Showcase,https://www.blogto.com/events/a-stand-up-comedy-showcase-toronto-646/,8:00 PM – 11:30 PM,The Corner
Friday Night Video Game Jazz with Brendan Swanson and the Suspicious.EXE Files at DROM Taberna,https://www.blogto.com/events/friday-night-video-game-jazz-with-brendan-swanson-and-the-suspiciousexe-files-at-drom-taberna-toronto/,8:00 PM – 10:00 PM,Drom Taberna
Spirited Away: Live on Stage,https://www.blogto.com/events/spirited-away-live-on-stage-toronto/,8:30 PM – 11:30 PM,Hot Docs Ted Rogers Cinema
All Of Us Are Minorities: Comedy Show!,https://www.blogto.com/events/all-of-us-are-minorities-comedy-show-toronto-8/,8:30 PM – 9:30 PM,Social Capital Theatre
All Of Us Are Minorities: Comedy Show!,https://www.blogto.com/events/all-of-us-are-minorities-comedy-show-toronto-9/,8:30 PM – 9:45 PM,Social Capital Theatre
Hamburger LIVE in Toronto!,https://www.blogto.com/events/hamburger-live-in-toronto-toronto/,9:00 PM – 10:15 PM,Comedy Bar East
Pub Crawl Toronto,https://www.blogto.com/events/pub-crawl-toronto-toronto-131/,9:00 PM – 2:00 AM,Track & Field
INDIE FRIDAYS Video Dance Party w/ TV On The Radio After Party - Hosted by Bob of INDIE88,https://www.blogto.com/events/indie-fridays-video-dance-party-w-tv-on-the-radio-after-party-hosted-by-bob-of-indie88-toronto/,9:00 PM – 2:30 AM,Ground Control
The 2000s Party - Caribana Edition,https://www.blogto.com/events/the-2000s-party-caribana-edition-toronto/,10:00 PM – 3:00 AM,Revival
Wax Candy Friday Night Disco!,https://www.blogto.com/events/wax-candy-friday-night-disco-toronto-34/,10:00 PM – 3:00 AM,The Piston
11 pm FREE Entry option,https://www.blogto.com/events/11-pm-free-entry-option-toronto/,10:00 PM – 4:30 AM,Wiggle Room
I STILL CALL IT CARIBANA,https://www.blogto.com/events/i-still-call-it-caribana-toronto/,10:00 PM – 3:00 AM,Harlem Underground
Straight Jeans & Fitted Dancehall Party @ Ace Hotel,https://www.blogto.com/events/straight-jeans-fitted-dancehall-party-ace-hotel-toronto/,10:00 PM – 2:00 AM,Ace Hotel Toronto
Justin Bieber Dance Party,https://www.blogto.com/events/justin-bieber-dance-party-toronto/,10:00 PM – 2:00 AM,Hail Mary Bar
A Showcase of Future Comedy Stars,https://www.blogto.com/events/a-showcase-of-future-comedy-stars-toronto/,10:30 PM – 12:00 AM,Yuk Yuk's
KLEAN: CARIBANA NIGHT PARTY,https://www.blogto.com/events/klean-caribana-night-party-toronto/,11:00 PM – 2:00 AM,The Garrison
10PM Friday - Pro & Hilarious Late-Night Comedy Laugh - Guaranteed Hilarity,https://www.blogto.com/events/10pm-friday-pro-hilarious-late-night-comedy-laugh-guaranteed-hilarity-toronto/,10:00 PM – 11:50 PM,Backroom Comedy Club
2025 Summer Art Camp at Palette Art School,https://www.blogto.com/events/2025-summer-art-camp-at-palette-art-school-toronto/,9:00 AM – 4:00 PM,Palette Art School
24th Annual Globehead Comedy Tournament,https://www.blogto.com/events/24th-annual-globehead-comedy-tournament-toronto/,7:00 PM – 8:30 PM,Comedy Bar
38th Annual Ward's Island Fire Parade,https://www.blogto.com/events/38th-annual-wards-island-fire-parade-toronto/,10:00 AM – 6:00 PM,Ward's Island
8PM Friday Pro & Hilarious Stand-up - Comedy Kickoff & Laughs guaranteed,https://www.blogto.com/events/8pm-friday-pro-hilarious-stand-up-comedy-kickoff-laughs-guaranteed-toronto/,8:00 PM – 9:45 PM,Backroom Comedy Club
Aburi TORA launches Summer features menu in collaboration MICHELIN-star chef Ryusuke Nakagawa,https://www.blogto.com/events/aburi-tora-launches-summer-features-menu-in-collaboration-michelin-star-chef-ryusuke-nakagawa-toronto/,12:31 AM – 9:30 PM,TORA
A Comedy Show - F'ckin' Funny Friday @ 7 & 8:30,https://www.blogto.com/events/a-comedy-show-fckin-funny-friday-7-830-toronto/,7:00 PM – 10:00 PM,The Comedy Lab
A Glow-in-the-dark Paint Night by Artbox,https://www.blogto.com/events/a-glow-in-the-dark-paint-night-by-artbox-toronto-20/,7:30 PM – 9:30 PM,Artbox Studio Gallery
An Open Mic - Friday Night Mics,https://www.blogto.com/events/an-open-mic-friday-night-mics-toronto/,10:00 PM – 1:00 AM,The Comedy Lab
Arcadia Earth Toronto,https://www.blogto.com/events/arcadia-earth-toronto-toronto-3/,10:00 AM – 7:00 PM,Arcadia Earth Toronto
Architecture Camp,https://www.blogto.com/events/architecture-camp-toronto/,8:00 AM – 5:00 PM,Toronto Metropolitan Day Camp
Arts in the Parks: Park in Motion,https://www.blogto.com/events/arts-in-the-parks-park-in-motion-toronto/,5:00 PM – 6:00 PM,Parkway Forest Park
Art/Wear: Sneakers x Artists,https://www.blogto.com/events/artwear-sneakers-x-artists-toronto/,10:00 AM – 5:00 PM,Bata Shoe Museum
"A State of Balance: New Exhibition by Sheila Kernan Exploring Nature, Harmony, and the Creative Process at Bau-Xi Gallery Dufferin",https://www.blogto.com/events/a-state-of-balance-new-exhibition-by-sheila-kernan-exploring-nature-harmony-and-the-creative-process-at-bau-xi-gallery-dufferin-toronto/,10:00 AM – 5:30 PM,Bau-Xi Gallery | Dufferin
At Home in Toronto,https://www.blogto.com/events/at-home-in-toronto-toronto/,11:00 AM – 5:00 PM,The Market Gallery
A Transit Through Time,https://www.blogto.com/events/a-transit-through-time-toronto/,9:00 AM – 5:00 PM,Union Station
Auschwitz. Not long ago. Not far away.,https://www.blogto.com/events/auschwitz-not-long-ago-not-far-away-toronto/,10:00 AM – 5:30 PM,Royal Ontario Museum
BBQ Party Fridays at Pogue Mahone,https://www.blogto.com/events/bbq-party-fridays-at-pogue-mahone-toronto/,4:00 PM – 8:00 PM,Pogue Mahone
Below Our Feet and Above Our Heads Group Exhibition,https://www.blogto.com/events/below-our-feet-and-above-our-heads-group-exhibition-toronto/,1:00 PM – 5:30 PM,Propeller Gallery
Campus Secrets and Spectres- University of Toronto Ghost Tour,https://www.blogto.com/events/campus-secrets-and-spectres-university-of-toronto-ghost-tour-toronto-2/,8:00 PM – 9:15 PM,Royal Conservatory of Music
Canadian Photographs: 1900 - 1950,https://www.blogto.com/events/canadian-photographs-1900-1950-toronto/,11:00 AM – 6:00 PM,Stephen Bulger Gallery
Canadian Stage presents the 42nd annual Dream in High Park - ROMEO & JULIET,https://www.blogto.com/events/canadian-stage-presents-the-42nd-annual-dream-in-high-park-romeo-juliet-toronto/,8:00 PM – 9:30 PM,High Park Amphitheatre
Cheap Friday Comedy,https://www.blogto.com/events/cheap-friday-comedy-toronto-2/,8:00 PM – 10:30 PM,Toronto Style Bar & Grill
Chinese Zodiac Case: Year of the Snake at ROM,https://www.blogto.com/events/chinese-zodiac-case-year-of-the-snake-at-rom-toronto/,10:00 AM – 5:30 PM,Royal Ontario Museum
Clock Off at the Malibu Bar at Union Summer,https://www.blogto.com/events/clock-off-at-the-malibu-bar-at-union-summer-toronto/,12:00 PM – 12:00 AM,Union Station
Come dance Ballroom & Latin with us at 30-Up Club on Friday & Saturday,https://www.blogto.com/events/come-dance-ballroom-latin-with-us-at-30-up-club-on-friday-saturday-toronto/,6:30 PM – 12:00 AM,30-Up Club
Comedy Bar: After Dark,https://www.blogto.com/events/comedy-bar-after-dark-toronto/,11:30 PM – 12:45 AM,Comedy Bar
Cultural Bazaar 2025,https://www.blogto.com/events/cultural-bazaar-2025-toronto/,2:00 PM – 8:00 PM,Big Park in Regent Park
Cypher Playground Festival,https://www.blogto.com/events/cypher-playground-festival-toronto/,6:00 PM – 10:00 PM,The Theatre Centre
Disney The Lion King,https://www.blogto.com/events/disney-lion-king-toronto/,6:00 PM – 8:00 PM,Princess of Wales Theatre
Downtown Movies in the Park in Partnership with TIFF's 50th Edition,https://www.blogto.com/events/downtown-movies-in-the-park-in-partnership-with-tiffs-50th-edition-toronto/,8:45 PM – 11:30 PM,David Pecaut Square
Emo Night North,https://www.blogto.com/events/emo-night-north-toronto/,10:30 AM – 3:00 PM,Sneaky Dee's
Escape Room Summer Promo!,https://www.blogto.com/events/escape-room-summer-promo-toronto/,9:00 AM – 10:00 PM,Looking Glass Adventures
Exhibit A: Investigating Crime & Footwear,https://www.blogto.com/events/exhibit-a-investigating-crime-footwear-toronto/,10:00 AM – 5:00 PM,Bata Shoe Museum
Flowers Bloom for You,https://www.blogto.com/events/flowers-bloom-for-you-toronto/,12:00 PM – 5:00 PM,235 Spadina Ave
"Free Senior In Home Support Program- Meals, Friendly Visiting in Scarborough",https://www.blogto.com/events/free-senior-in-home-support-program-meals-friendly-visiting-in-scarborough-toronto/,2:00 PM – 4:00 PM,Multiple Venues
Freestyle Frisbee World Championships,https://www.blogto.com/events/freestyle-frisbee-world-championships-toronto/,10:00 AM – 6:00 PM,The Mattamy Centre at Historic Maple Leaf Gardens
FRIDAY NIGHT LIVE at Yuk Yuk's Toronto,https://www.blogto.com/events/friday-night-live-at-yuk-yuks-toronto-toronto/,8:00 PM – 9:30 PM,Yuk Yuk's
George Byrne Debuts Synthetica - A Surreal Reimagining of the American Landscape at Bau-Xi Gallery Dufferin,https://www.blogto.com/events/george-byrne-debuts-synthetica-a-surreal-reimagining-of-the-american-landscape-at-bau-xi-gallery-dufferin-toronto/,10:00 AM – 5:30 PM,Bau-Xi Gallery | Dufferin
Ghosts of the Sea,https://www.blogto.com/events/ghosts-of-the-sea-toronto/,6:00 PM – 8:00 PM,Hot Docs Cinema
Ghosts of the Sea - Screenings,https://www.blogto.com/events/ghosts-of-the-sea-screenings-toronto/,6:00 PM – 7:37 PM,Hot Docs Ted Rogers Cinema
Graffiti Alley Outdoor Pottery Workshops All Summer Long!,https://www.blogto.com/events/graffiti-alley-outdoor-pottery-workshops-all-summer-long-toronto/,11:00 AM – 5:00 PM,Clay with Me Pottery Studio
Happy Hour at Gladstone House!,https://www.blogto.com/events/happy-hour-at-gladstone-house-toronto/,4:00 PM – 6:00 PM,The Gladstone House
Harbourfront Farmers Market,https://www.blogto.com/events/harbourfront-farmers-market-toronto/,9:00 AM – 1:00 PM,The Commons at Harbourfront Centre
Home Game: Toronto Loves Basketball,https://www.blogto.com/events/home-game-toronto-loves-basketball-toronto/,12:00 PM – 8:00 PM,Harbourfront Centre
Home Game: Toronto Loves Basketball,https://www.blogto.com/events/home-game-toronto-loves-basketball-toronto-2/,12:00 PM – 8:00 PM,Harbourfront Centre
Hope Letter Campaign,https://www.blogto.com/events/hope-letter-campaign-toronto/,12:01 AM – 11:59 PM,Virtual Event
Jessica Stockholder: The Squared Circle: Ringing,https://www.blogto.com/events/jessica-stockholder-the-squared-circle-ringing-toronto/,11:00 AM – 5:00 PM,MOCA Toronto
Justin Ming Yong: Blur,https://www.blogto.com/events/justin-ming-yong-blur-toronto/,11:00 AM – 5:00 PM,MOCA Toronto
KALIBR8 - DJ/Dance/Social,https://www.blogto.com/events/kalibr8-djdancesocial-toronto/,9:00 PM – 2:00 AM,Alternity
Koffler Arts Presents Elinor Carucci & Hannah Altman,https://www.blogto.com/events/koffler-arts-presents-elinor-carucci-hannah-altman-toronto/,12:30 PM – 5:00 PM,Koffler Gallery
Kour Pour: Cosmic Diagrams,https://www.blogto.com/events/kour-pour-cosmic-diagrams-toronto/,10:00 AM – 5:30 PM,Aga Khan Museum
LEGO Summer of Play at LEGOLAND Discovery Centre Toronto,https://www.blogto.com/events/lego-summer-of-play-at-legoland-discovery-centre-toronto-toronto/,10:00 AM – 5:00 PM,LEGOLAND Discovery Centre Toronto
Making a Museum - The Photographic Exhibition,https://www.blogto.com/events/making-a-museum-the-photographic-exhibition-toronto/,10:30 AM – 3:30 PM,Ukrainian Museum of Canada – Ontario Branch
"Margaux Williamson: Shoes, books, hands, buildings, and cars",https://www.blogto.com/events/margaux-williamson-shoes-books-hands-buildings-and-cars-toronto/,11:00 AM – 5:00 PM,MOCA Toronto
Morning Yoga @ Soulpepper Theatre,https://www.blogto.com/events/morning-yoga-soulpepper-theatre-toronto/,9:00 AM – 10:00 AM,Young Centre for the Performing Arts
Movies Under the Stars 2025,https://www.blogto.com/events/movies-under-the-stars-2025-toronto/,9:00 PM – 11:00 PM,Parc Downsview Park
National Bank Open presented by Rogers,https://www.blogto.com/events/national-bank-open-presented-by-rogers-toronto-2/,10:30 AM – 9:00 PM,Sobeys Stadium
Nature in Brilliant Colour at ROM,https://www.blogto.com/events/nature-in-brilliant-colour-at-rom-toronto/,10:00 AM – 5:30 PM,Royal Ontario Museum
Not Safe For Work,https://www.blogto.com/events/not-safe-for-work-toronto/,8:00 PM – 9:30 PM,The Second City
NTSC Summer Skating Camp,https://www.blogto.com/events/ntsc-summer-skating-camp-toronto/,10:00 AM – 4:30 PM,North Toronto Memorial Arena
Orchard Rendezvous,https://www.blogto.com/events/orchard-rendezvous-toronto-2/,6:30 PM – 8:30 PM,Parc Downsview Park
Porsche Experience,https://www.blogto.com/events/porsche-experience-toronto/,9:00 AM – 6:00 PM,Porsche Experience Centre Toronto
Romeo & Juliet,https://www.blogto.com/events/romeo-juliet-toronto-2/,8:00 PM – 10:00 PM,High Park Amphitheatre
ROM Immortal: Nature's Symphony,https://www.blogto.com/events/rom-immortal-natures-symphony-toronto/,10:00 AM – 5:30 PM,Royal Ontario Museum
Rosalie Favell: Belonging 1982 - 2024,https://www.blogto.com/events/rosalie-favell-belonging-1982-2024-toronto/,12:00 PM – 5:00 PM,Onsite Gallery
Rough & Ready: A History of the Cowboy Boot,https://www.blogto.com/events/rough-ready-a-history-of-the-cowboy-boot-toronto/,10:00 AM – 5:00 PM,Bata Shoe Museum
"Saints, Sinners, Lovers and Fools: 300 Years of Flemish Masterworks",https://www.blogto.com/events/saints-sinners-lovers-and-fools-300-years-of-flemish-masterworks-toronto/,10:00 AM – 5:30 PM,Royal Ontario Museum
Seasons in Art,https://www.blogto.com/events/seasons-in-art-toronto/,1:30 PM – 5:00 PM,Toronto Reference Library
Shapes of the Extraordinary,https://www.blogto.com/events/shapes-of-the-extraordinary-toronto/,12:00 PM – 5:00 PM,the Red Head Gallery
Summer at Old City Hall,https://www.blogto.com/events/summer-at-old-city-hall-toronto/,10:00 AM – 3:00 PM,Old City Hall
Summer Camp at the Columbus Centre,https://www.blogto.com/events/summer-camp-at-the-columbus-centre-toronto/,9:00 AM – 4:00 PM,Columbus Centre
Summer with Ontario Science Centre Experiences at CF Sherway Gardens,https://www.blogto.com/events/summer-with-ontario-science-centre-experiences-at-cf-sherway-gardens-toronto/,10:00 AM – 6:00 PM,CF Sherway Gardens
Talisman - An Art Installation,https://www.blogto.com/events/talisman-an-art-installation-toronto/,9:00 AM – 4:00 PM,Clark Centre for the Arts
The 39 Steps,https://www.blogto.com/events/the-39-steps-toronto/,7:30 PM – 9:00 PM,Guild Festival Theatre
"THE 52: STORIES OF WOMEN WHO TRANSFORMED TORONTO, A GROUNDBREAKING EXHIBITION",https://www.blogto.com/events/the-52-stories-of-women-who-transformed-toronto-a-groundbreaking-exhibition-toronto/,12:00 PM – 6:00 PM,Museum of Toronto
THE CLASSIC GAME SHOW ESCAPE,https://www.blogto.com/events/the-classic-game-show-escape-toronto/,1:00 PM – 10:00 PM,Trivia Escape Rooms
The Lion King,https://www.blogto.com/events/the-lion-king-toronto/,1:00 PM – 7:00 PM,Princess of Wales Theatre
"The Perfect Bite, A Dinner Experience Inspired by Glass Onion: A Knives Out Mystery",https://www.blogto.com/events/the-perfect-bite-a-dinner-experience-inspired-by-glass-onion-a-knives-out-mystery-toronto-4/,1:00 PM – 10:30 PM,Peter Pan Bistro
The Wedding Party: A Dinner Theatre Escape Room,https://www.blogto.com/events/the-wedding-party-a-dinner-theatre-escape-room-toronto/,7:00 PM – 9:30 PM,Old Mill Toronto
Titanic: The Official Exhibition,https://www.blogto.com/events/titanic-the-official-exhibition-toronto/,9:00 AM – 6:00 PM,YZD Hangar Bay 12
Toronto Caribbean Carnival 2025,https://www.blogto.com/events/toronto-caribbean-carnival-2025-toronto/,N/A,Multiple Venues
Trickster Tales: An Osborne Collection Exhibition,https://www.blogto.com/events/trickster-tales-an-osborne-collection-exhibition-toronto/,9:00 AM – 8:30 PM,Osborne Collection - Lillian H. Smith Library
TSM20: Toronto Summer Music Festival,https://www.blogto.com/events/tsm20-toronto-summer-music-festival-toronto/,11:00 AM – 11:00 PM,Multiple Venues
Union Summer Presented by TD,https://www.blogto.com/events/union-summer-presented-by-td-toronto-5/,11:00 AM – 10:00 PM,Union Station
Worlds on Paper: Drawings from Kinngait,https://www.blogto.com/events/worlds-on-paper-drawings-from-kinngait-toronto/,10:00 AM – 5:00 PM,McMichael Canadian Art Collection
